# INSERINDO CIDADES

INSERT INTO CIDADE VALUES(1, 'GUAPIMIRIM', 'RJ');
INSERT INTO CIDADE VALUES(2, 'NITERÓI', 'RJ');
INSERT INTO CIDADE VALUES(3, 'RIO DE JANEIRO', 'RJ');
INSERT INTO CIDADE VALUES(4, 'SÃO PAULO', 'SP');
INSERT INTO CIDADE VALUES(5, 'OSASCO', 'SP');
INSERT INTO CIDADE VALUES(6, 'GRAMADO', 'RS');
INSERT INTO CIDADE VALUES(7, 'MARABÁ', 'PA');
INSERT INTO CIDADE VALUES(8, 'BELÉM', 'PA');
INSERT INTO CIDADE VALUES(9, 'TERESÓPOLIS', 'RJ');

SELECT * FROM CIDADE
ORDER BY UF;

# INSERINDO CLIENTE

INSERT INTO CLIENTE VALUES(1,'BRENO SILVA', 1);
INSERT INTO CLIENTE VALUES(2,'DORALICE MAGALHÃES', 2);
INSERT INTO CLIENTE VALUES(3,'MARESSA PERREIRA', 4);
INSERT INTO CLIENTE VALUES(4,'MILENE STRAKOCHA', 6);
INSERT INTO CLIENTE VALUES(5,'MARIA SILVA', 1);
INSERT INTO CLIENTE VALUES(6,'GUILHERMO ALCANTARA', 3);
INSERT INTO CLIENTE VALUES(7,'VITOR SOUZA', 9);
INSERT INTO CLIENTE VALUES(8,'GILBERTO GOMES', 8);
INSERT INTO CLIENTE VALUES(9,'ANA CAROLINA', 6);
INSERT INTO CLIENTE VALUES(10,'GABRIEL MENEZES', 2);
INSERT INTO CLIENTE VALUES(11,'PABLO GOLVEIA', 3);
INSERT INTO CLIENTE VALUES(12,'GABRIELLE DOS SANTOS', 1);
INSERT INTO CLIENTE VALUES(13,'MARIA MARQUES', 7);
INSERT INTO CLIENTE VALUES(14,'ANA LUCIA SILVA', 7);
INSERT INTO CLIENTE VALUES(15,'ANDREY SANTOS', 8);
INSERT INTO CLIENTE VALUES(16,'LUCAS FIGUEIREDO', 9);


# INSERINDO PF E PJ

INSERT INTO PF VALUES('89283671406', 1);
INSERT INTO PF VALUES('19547388541', 4);
INSERT INTO PF VALUES('23601676770', 5);
INSERT INTO PF VALUES('08375057983', 7);
INSERT INTO PF VALUES('55638463348', 12);
INSERT INTO PF VALUES('22204644153', 15);
INSERT INTO PF VALUES('22556850191', 14);
INSERT INTO PF VALUES('46754100141', 13);
INSERT INTO PF VALUES('48055482829', 3);
INSERT INTO PF VALUES('51507932561', 10);


INSERT INTO PJ VALUES('59773983000141', 2);
INSERT INTO PJ VALUES('48123775000180', 6);
INSERT INTO PJ VALUES('87911953000190', 8);
INSERT INTO PJ VALUES('48414486000130', 9);
INSERT INTO PJ VALUES('15027787000152', 11);
INSERT INTO PJ VALUES('08886472000103', 16);

# INSERINDO PRODUTO

INSERT INTO PRODUTO VALUES(1, 'PC GAMER', 5320.99);
INSERT INTO PRODUTO VALUES(2, 'NOTEBOOK', 2200.00);
INSERT INTO PRODUTO VALUES(3, 'CADEIRA GAMER', 890.99);
INSERT INTO PRODUTO VALUES(4, 'TV 65', 3450.50);
INSERT INTO PRODUTO VALUES(5, 'GALAXY S22+', 9600.10);
INSERT INTO PRODUTO VALUES(6, 'IPHONE 13', 6600);
INSERT INTO PRODUTO VALUES(7, 'GELADEIRA', 3990.00);
INSERT INTO PRODUTO VALUES(8, 'MICROONDAS', 540.00);
INSERT INTO PRODUTO VALUES(9, 'FOGÃO', 1200.99);
INSERT INTO PRODUTO VALUES(10, 'PANELA ELETRICA', 120.00);
INSERT INTO PRODUTO VALUES(11, 'PLACA DE VIDEO', 3500.00);
INSERT INTO PRODUTO VALUES(12, 'PROCESSADOR INTEL', 1800.00);
INSERT INTO PRODUTO VALUES(13, 'PROCESSADOR AMD', 1600.47);
INSERT INTO PRODUTO VALUES(14, 'IMPRESSORA', 745.65);
INSERT INTO PRODUTO VALUES(15, 'CAMERA FOTOGRAFICA', 1330.20);

# INSERINDO PEDIDO

INSERT INTO PEDIDO VALUES('42733112831137950188199346079528217257048594', '25/05/2021', 3);
INSERT INTO PEDIDO VALUES('38841746955983396716497989497644275742298364', '26/06/2021', 1);
INSERT INTO PEDIDO VALUES('83647740669461941243051790715176855867792745', '30/07/2021', 5);
INSERT INTO PEDIDO VALUES('55125025069427762510390250059510990652032342', '05/08/2021', 4);
INSERT INTO PEDIDO VALUES('42733112831138841746955983647740669455125025', '10/10/2021', 7);
INSERT INTO PEDIDO VALUES('42733112831183396716497912430517907150059510', '18/10/2021', 7);
INSERT INTO PEDIDO VALUES('95282172570485945005951099065203234205179071', '22/10/2021', 12);
INSERT INTO PEDIDO VALUES('12430517907195598339671646079528217250059510', '25/10/2021', 1);
INSERT INTO PEDIDO VALUES('17469559836477405203234205175512502506948364', '15/11/2021', 14);
INSERT INTO PEDIDO VALUES('57048594500595100517907151768558174695598339', '25/12/2021', 3);
INSERT INTO PEDIDO VALUES('85945005951099065203831137950188199346070694', '13/01/2022', 13);
INSERT INTO PEDIDO VALUES('55125025069427762510497989497644275742295203', '02/02/2022', 10);
INSERT INTO PEDIDO VALUES('99065203234883396716497921725005951017469559', '10/02/2022', 1);
INSERT INTO PEDIDO VALUES('99065203234883396716497921725005951017468559', '11/02/2022', 1);

# INSERINDO ITENS DO PEDIDO

INSERT INTO ITEM_PEDIDO VALUES(1, 6, '42733112831137950188199346079528217257048594');
INSERT INTO ITEM_PEDIDO VALUES(1, 1, '38841746955983396716497989497644275742298364');
INSERT INTO ITEM_PEDIDO VALUES(3, 11, '83647740669461941243051790715176855867792745');
INSERT INTO ITEM_PEDIDO VALUES(1, 7, '55125025069427762510390250059510990652032342');
INSERT INTO ITEM_PEDIDO VALUES(1, 9, '42733112831138841746955983647740669455125025');
INSERT INTO ITEM_PEDIDO VALUES(1, 8, '42733112831183396716497912430517907150059510');
INSERT INTO ITEM_PEDIDO VALUES(2, 3, '95282172570485945005951099065203234205179071');
INSERT INTO ITEM_PEDIDO VALUES(1, 15, '12430517907195598339671646079528217250059510');
INSERT INTO ITEM_PEDIDO VALUES(1, 10, '17469559836477405203234205175512502506948364');
INSERT INTO ITEM_PEDIDO VALUES(1, 2, '57048594500595100517907151768558174695598339');
INSERT INTO ITEM_PEDIDO VALUES(1, 3, '85945005951099065203831137950188199346070694');
INSERT INTO ITEM_PEDIDO VALUES(1, 11, '55125025069427762510497989497644275742295203');
INSERT INTO ITEM_PEDIDO VALUES(1, 3, '99065203234883396716497921725005951017469559');
INSERT INTO ITEM_PEDIDO VALUES(6, 14, '99065203234883396716497921725005951017468559');
